Id;Title;body
26362;"Using ItemizedOverlay and OverlayItem In Android Beta 0.9";"<p>Has anyone managed to use <code>ItemizedOverlays</code> in Android Beta 0.9? I can't get it to work, but I'm not sure if I've done something wrong or if this functionality isn't yet available. </p>&#xA;&#xA;<p>I've been trying to use the <code>ItemizedOverlay</code> and <code>OverlayItem</code> classes. Their intended purpose is to simulate map markers (as seen in Google Maps Mashups) but I've had problems getting them to appear on the map.</p>&#xA;&#xA;<p>I can add my own custom overlays using a similar technique, it's just the <code>ItemizedOverlays</code> that don't work.</p>&#xA;&#xA;<p>Once I've implemented my own <code>ItemizedOverlay</code> (and overridden createItem), creating a new instance of my class seems to work (I can extract OverlayItems from it) but adding it to a map's Overlay list doesn't make it appear as it should.</p>&#xA;&#xA;<p>This is the code I use to add the <code>ItemizedOverlay</code> class as an Overlay on to my <code>MapView</code>.</p>&#xA;&#xA;<pre><code>// Add the ItemizedOverlay to the Map&#xA;private void addItemizedOverlay() {&#xA;  Resources r = getResources();&#xA;  MapView mapView = (MapView)findViewById(R.id.mymapview);&#xA;  List&lt;Overlay&gt; overlays = mapView.getOverlays();&#xA;&#xA;  MyItemizedOverlay markers = new MyItemizedOverlay(r.getDrawable(R.drawable.icon));&#xA;  overlays.add(markers);&#xA;&#xA;  OverlayItem oi = markers.getItem(0);&#xA;  markers.setFocus(oi);&#xA;  mapView.postInvalidate();&#xA;}&#xA;</code></pre>&#xA;&#xA;<p>Where <code>MyItemizedOverlay</code> is defined as:</p>&#xA;&#xA;<pre><code>public class MyItemizedOverlay extends ItemizedOverlay&lt;OverlayItem&gt; {&#xA;  public MyItemizedOverlay(Drawable defaultMarker) {&#xA;    super(defaultMarker);&#xA;    populate();&#xA;  }&#xA;&#xA;  @Override&#xA;  protected OverlayItem createItem(int index) {&#xA;    Double lat = (index+37.422006)*1E6;&#xA;    Double lng = -122.084095*1E6;&#xA;    GeoPoint point = new GeoPoint(lat.intValue(), lng.intValue());&#xA;&#xA;    OverlayItem oi = new OverlayItem(point, ""Marker"", ""Marker Text"");&#xA;    return oi;&#xA;  }&#xA;&#xA;  @Override&#xA;  public int size() {&#xA;    return 5;&#xA;  } &#xA;}&#xA;</code></pre>&#xA;"
28380;"Proxy which requires authentication with Android Emulator";"<p>Has anybody managed to get the Android Emulator working behind a proxy which requires authentication?</p>&#xA;&#xA;<p>I've tried setting the -http-proxy argument to </p>&#xA;&#xA;<pre><code>http://DOMAIN/USERNAME:PASSWORD@IP:PORT&#xA;</code></pre>&#xA;&#xA;<p>but am having no success. </p>&#xA;&#xA;<p>I've tried following the docs to no avail. I've also tried the <code>-verbose-proxy</code> setting but this no longer seems to exist.</p>&#xA;&#xA;<p>Any pointers?</p>&#xA;"
36881;"Updating Android Tab Icons";"<p>I have an activity which has a TabHost containing a set of TabSpecs each with a listview containing the items to be displayed by the tab. When each TabSpec is created, I set an icon to be displayed in the tab header.</p>&#xA;&#xA;<p>The TabSpecs are created in this way within a <code>setupTabs()</code> method which loops to create the appropriate number of tabs:</p>&#xA;&#xA;<pre><code>TabSpec ts = mTabs.newTabSpec(""tab"");&#xA;ts.setIndicator(""TabTitle"", iconResource);&#xA;&#xA;ts.setContent(new TabHost.TabContentFactory(&#xA;{&#xA;    public View createTabContent(String tag)&#xA;    {&#xA;        ... &#xA;    }            &#xA;});&#xA;mTabs.addTab(ts);&#xA;</code></pre>&#xA;&#xA;<p>There are a couple instances where I want to be able to change the icon which is displayed in each tab during the execution of my program. Currently I am deleting all the tabs, and calling the above code again to re-create them.</p>&#xA;&#xA;<pre><code>mTabs.getTabWidget().removeAllViews();&#xA;mTabs.clearAllTabs(true);&#xA;setupTabs();&#xA;</code></pre>&#xA;&#xA;<p>Is there a way to replace the icon that is being displayed without deleting and re-creating all of the tabs?</p>&#xA;"
64745;"Moving to Android from J2ME";"<p>Coming from <code>J2ME</code> programming are there any similarities that would make it easy to adapt to <code>Android API</code>. Or is <code>Android API</code> completely different from the <code>J2ME</code> way of programming mobile apps. </p>&#xA;"
121762;"Sleep a thread until an event is attended in another thread";"<p>I have two threads in an Android application, one is the view thread, and the other is the worker thread. What I want to do is, sleep the worker thread until the view thread terminates the handling of the onDraw method.</p>&#xA;&#xA;<p>How i can do this? is there any wait for the signal or something?</p>&#xA;"
144254;"Getting started with Android";"<p>So, I'll be getting my T-Mobile G1 within a month or so, and I'm excited to start developing for it.</p>&#xA;&#xA;<p>Has anyone started using it yet? Is there a dev wiki or anything set up for it yet?</p>&#xA;"
151777;"Saving Android Activity state";"<p>I've been playing around with the Android SDK, and I am a little unclear on saving an application's state. So given this minor re-tooling of the 'Hello, Android' example:</p>&#xA;&#xA;<pre><code>package com.android.hello;&#xA;&#xA;import android.app.Activity;&#xA;import android.os.Bundle;&#xA;import android.widget.TextView;&#xA;&#xA;public class HelloAndroid extends Activity {&#xA;    /** Called when the activity is first created. */&#xA;    @Override&#xA;    public void onCreate(Bundle savedInstanceState) {&#xA;        super.onCreate(savedInstanceState);&#xA;&#xA;        mTextView = new TextView(this);&#xA;&#xA;        if (savedInstanceState == null) {&#xA;            mTextView.setText(""Welcome to HelloAndroid!"");&#xA;        } else {&#xA;            mTextView.setText(""Welcome back."");&#xA;        }&#xA;&#xA;        setContentView(mTextView);&#xA;    }&#xA;&#xA;    private TextView mTextView = null;&#xA;}&#xA;</code></pre>&#xA;&#xA;<p>I thought that might be all one needed to do for the simplest case, but it always gives me the first message, no matter how I navigate away from the app.</p>&#xA;&#xA;<p>I'm sure it's probably something simple like overriding <code>onPause</code> or something like that, but I've been poking away in the documentation for 30 minutes or so and haven't found anything obvious, so I would appreciate any help.</p>&#xA;"
196946;"Does Android WebView need permissions for opening external URLs?";"<p>I was trying the following example, but with external URLs:</p>&#xA;&#xA;<p><a href=""http://android-developers.blogspot.com/2008/09/using-webviews.html"" rel=""nofollow noreferrer"">http://android-developers.blogspot.com/2008/09/using-webviews.html</a></p>&#xA;&#xA;<p>The example shows how to load an HTML file from assets folder (file:// url) and display it in a WebView. </p>&#xA;&#xA;<p>But when I try it with external URLs (like <a href=""http://google.com"" rel=""nofollow noreferrer"">http://google.com</a>), I am always getting a ""Website Not Available"" error. Android's built-in browser is able to access all external URLs. </p>&#xA;&#xA;<p>I suspect that it has something to do with permissions, but wasn't able to confirm it.</p>&#xA;"
202198;"What's the best manner of implementing a social activity stream?";"<p>I'm interested in hearing your opinions in which is the best way of implementing a social activity stream (Facebook is the most famous example). Problems/challenges involved are:</p>&#xA;&#xA;<ul>&#xA;<li>Different types of activities (posting, commenting ..)</li>&#xA;<li>Different types of objects (post, comment, photo ..)</li>&#xA;<li>1-n users involved in different roles (""User x replied to User y's comment on User's Z post"")</li>&#xA;<li>Different views of the same activity item (""you commented .."" vs. ""your friend x commented"" vs. ""user x commented .."" => 3 representations of a ""comment"" activity)</li>&#xA;</ul>&#xA;&#xA;<p>.. and some more, especially if you take it to a high level of sophistication, as Facebook does, for example, combining several activity items into one (""users x, y and z commented on that photo""</p>&#xA;&#xA;<p>Any thoughts or pointers on patterns, papers, etc on the most flexible, efficient and powerful approaches to implementing such a system, data model, etc. would be appreciated.</p>&#xA;&#xA;<p>Although most of the issues are platform-agnostic, chances are I end up implementing such a system on Ruby on Rails</p>&#xA;"
204363;"Is there a way to import a 3D model into Android?";"<p>Is it possible to create a simple 3D model (for example in 3DS MAX) and then import it to Android?</p>&#xA;"
214615;"Will Google Android ever support .NET?";"<p>Now that the G1 with Google's Android OS is now available (soon), will the android platform ever support .Net?</p>&#xA;"
222606;"detecting keyboard, mouse activity in linux";"<p>I need a way to detect mouse/keyboard activity on Linux. Something similar to what any IM program would do. If no activity is detected for, say 5 minutes, it will set your IM status to ""I'm not here right now"".</p>&#xA;&#xA;<p>Any help towards this is appreciated.</p>&#xA;&#xA;<p>Thanks.</p>&#xA;"
228851;"How to create Raw socket in Android?";"<p>Has anybody tried creating <code>RawSocket</code> in <code>Android</code> and have succeeded ?</p>&#xA;"
230193;"What can you not do on the Dalvik VM (Android's VM) that you can in Sun VM?";"<p>I know that you can run almost all Java in <em>Dalvik's VM</em> that you can in <em>Java's VM</em> but the limitations are not very clear.  Has anyone run into any major stumbling blocks?  Any major libraries having trouble?  Any languages that compile to Java byte code (<strong>Scala</strong>, <strong>Jython</strong> etc...) not work as expected?  </p>&#xA;"
230643;"Android API for detecting new media from inbuilt camera & mic";"<p>Is there any elegant way in the Android API for detecting new media when it is written to the device? Iâ€™m mainly interested in photos taken by the camera, video taken by the camera and audio recorded from the mic.</p>&#xA;&#xA;<p>My current thinking is to periodically scan each media content provider and filter based on last scan time.</p>&#xA;&#xA;<p>Iâ€™m just wondering if there is some service I can hook into to get realtime notifications.</p>&#xA;"
238284;"How to copy text programmatically in my Android app?";"<p>I'm building an Android app and I want to copy the text value of an EditText widget. It's possible for the user to press <code>Menu+A</code> then <code>Menu+C</code> to copy the value, but how would I do this programmatically?</p>&#xA;"
240161;"Android application deployment";"<blockquote>&#xA;  <p><strong>Possible Duplicate:</strong><br>&#xA;  <a href=""http://stackoverflow.com/questions/2084745/how-to-install-the-application-on-real-device-without-publishing-and-eclipse"">How to install the application on real device without publishing and Eclipse?</a>  </p>&#xA;</blockquote>&#xA;&#xA;&#xA;&#xA;<p>Besides the Android Marketplace, what are my options as far as deploying an Android application to someone remotely? </p>&#xA;&#xA;<p>The particular issues I am up against are that I have an application which I have written which addresses a somewhat limited problem, for my sister. She is mostly computer literate, but not a developer and lives hours away.</p>&#xA;&#xA;<p>I could see this same issue being common if a company were to want to develop an application for their shiny new G1s and then deploying their application. Surely there is a non-developer-centric way to do this.</p>&#xA;"
240469;"Will JavaFX work on Android?";"<p>It would be a shame if it doesn't, because it will make for more attractive looking Android applications.</p>&#xA;"
249916;"How do I find the DNS servers in Android from a Java program?";"<p>The <code>java.net.InetAddress.GetByName(String host)</code> method can only return <code>A</code> records so to lookup other record types I need to be able to send DNS queries using the <code>dnsjava</code> library.</p>&#xA;&#xA;<p>However that normally relies on being able to parse <code>/etc/resolv.conf</code> or similar to find the DNS server addresses and that doesn't work on Android.</p>&#xA;&#xA;<p>The current DNS settings on Android can apparently only be obtained from within a shell by using the <code>getprop</code> command.</p>&#xA;&#xA;<p>Can anyone tell me how to get those settings from Java other than by spawning a shell with <code>Runtime.exec()</code> and parsing the output from <code>getprop</code>?</p>&#xA;"
257514;"Android: Access child views from a ListView";"<p>I need to find out the pixel position of one element in a list that's been displayed using a <code>ListView</code>. It seems like I should get one of the <strong>TextView's</strong> and then use <code>getTop()</code>, but I can't figure out how to get a child view of a <code>ListView</code>.</p>&#xA;&#xA;<p><strong>Update:</strong> The children of the <code>ViewGroup</code> do not correspond 1-to-1 with the items in the list, for a <code>ListView</code>. Instead, the <code>ViewGroup</code>'s children correspond to only those views that are visible right now. So <code>getChildAt()</code> operates on an index that's internal to the <code>ViewGroup</code> and doesn't necessarily have anything to do with the position in the list that the <code>ListView</code> uses.</p>&#xA;"
263507;"Placing Zoom Controls in a MapView";"<p>I'm trying to get the zoom controls to show up in a <code>mapview</code>, the following code almost works, but the zoom controls appear in the top left of the <code>mapview</code>, not the bottom center like I'm specifying via <code>setGravity()</code>.  Can someone enlighten me as to what I'm missing?</p>&#xA;&#xA;<pre><code>zoomView = (LinearLayout) mapView.getZoomControls();&#xA;zoomView.setLayoutParams(new ViewGroup.LayoutParams(ViewGroup.LayoutParams.WRAP_CONTENT,ViewGroup.LayoutParams.WRAP_CONTENT)); &#xA;zoomView.setGravity(Gravity.BOTTOM | Gravity.CENTER_HORIZONTAL);&#xA;mapView.addView(zoomView);&#xA;</code></pre>&#xA;&#xA;<p>These views/layouts are all constructed programmatically, there is no layout file to tweak.</p>&#xA;"
276719;"Anyone have any impressions, hints, tutorials from developing for Google Android devices?";"<p>I have a <code>T-Mobile G1</code> and I'm going to download the developer SDK and see if I can create a few simple apps for my phone.  If you've done similar development, please answer below and tell me about your experience.  Please share any links you found especially useful.</p>&#xA;"
288044;"How can I create icons for menu items in Android's ListView?";"<p>I am using a ListView to present the main screen of my application.  The main screen is essentially a menu to get into the different sections of my application.  Currently I have the ListView contents generatings programmatically in the onCreate method.  </p>&#xA;&#xA;<p>Here is the code snippet that does this:</p>&#xA;&#xA;<pre><code>String[] mainItems = {&#xA;    ""Inbox"", ""Projects"", ""Contexts"", ""Next Actions""&#xA;}&#xA;&#xA;@Override&#xA;public void onCreate(Bundle icicle) {&#xA;    super.onCreate(icicle);&#xA;    setContentView(R.layout.main);&#xA;&#xA;    setListAdapter(new ArrayAdapter&lt;String&gt;(&#xA;            this, android.R.layout.simple_list_item_1, mainItems));&#xA;    registerForContextMenu(getListView());&#xA;}&#xA;</code></pre>&#xA;&#xA;<p>So the menu is essentially just a bunch of nodes with the text contained in the mainItems array.  I know that I can create an XML layout (i.e. <code>R.layout.mainMenu_item</code>) that has an ImageView and TextView in it, but I am unsure how to set the ImageView's icon.  I have seen that there is a setImageResouce(int resId) method, but the way to use this when generating with an ArrayAdapter is eluding me.  Is there a better way to do this?</p>&#xA;"
294688;"How to make an incoming call on my mobile trigger an action on my pc";"<p>I have a specific scenario in mind, but I will ask this generally:</p>&#xA;&#xA;<p><strong>Is there a way to make my mobile phone trigger an action on my computer?</strong> I am thinking that with a smart phone it must be possible to link the phone and the pc with bluetooth, and have some sort of small program running on my computer that will listen for incoming phonecalls on the phone. When someone calls me, I want my mobile to simply submit the callers phonenumber to the pc, and then the pc will do its stuff from there. Then, I want to handle the call on the mobile phone as usual.</p>&#xA;&#xA;<p>Edit:&#xA;Updated this question! I am currently using the HTC Hero, and hopefully the Android SDK will make this more easy to accomplish.</p>&#xA;&#xA;<p>My specific scenario was:&#xA;When my phone (Nokia N82) calls, i want to submit the callers phonenumber to a search applet/application, that will query Microsoft Dynamics CRM and see if a contact person or a company has that phonenumber, and if so, show the corresponding person or companys info on my screen. My preferred development platform is .Net</p>&#xA;"
297586;"How to call a SOAP web service on Android";"<p>I am having a lot of trouble finding good information on how to call a standard SOAP/WSDL web service with Android. All I've been able to find are either very convoluted documents and references to ""kSoap2"" and then some bit about parsing it all manually with <a href=""http://en.wikipedia.org/wiki/Simple_API_for_XML"" rel=""nofollow noreferrer"">SAX</a>. OK, that's fine, but it's 2008, so I figured there should be some good library for calling standard web services.</p>&#xA;&#xA;<p>The web service is just basically one created in <a href=""http://en.wikipedia.org/wiki/NetBeans"" rel=""nofollow noreferrer"">NetBeans</a>. I would like to have IDE support for generating the plumbing classes. I just need the easiest/most-elegant way to contact a <a href=""http://en.wikipedia.org/wiki/Web_Services_Description_Language"" rel=""nofollow noreferrer"">WSDL</a> based web service from an Android-based phone.</p>&#xA;"
306626;"Scrolling with Multiple ListViews for Android";"<p>I'm completely stumped on this one.  I have three different lists that need to be displayed on the screen. It's completely possible that the lists will extend past the bottom edge of the screen, so I would need scrolling.</p>&#xA;&#xA;<p>I've tried using a <code>ScrollView</code> with a <code>LinearLayout</code> child, and putting my <code>ListViews</code> in the <code>LinearView</code>, but all of the <code>ListViews</code> lock to a fixed height with scroll bars.  Using other kinds of Layouts means no scrolling.</p>&#xA;&#xA;<p>Does anyone have any suggestions, or will I need to programmatically add the list items to some layout and hope for the best?</p>&#xA;"
310581;"Can you get to a command line on the G1 phone?";"<p>I understand the Android OS is based on Linux. Does that mean the G1 phone has a terminal emulator and you can open a console and use commands like <code>cd</code>, <code>ls</code>, etc? Or failing that, would it be possible to write a terminal emulator for it?</p>&#xA;&#xA;<p>On a related note, would it be possible to run a ssh server on the G1 and log into it over a wifi connection?</p>&#xA;"
365880;"Android development with Netbeans IDE";"<p>Has anybody had any success with developing for Android platform using Netbeans (5.5+ ) IDE? I know of atleast netbeans one plugin that is supposed to support it but wanted to hear if anyone is using netbeans for Android development and how easy it is to set it up.</p>&#xA;"
371538;"Any good ORM tools for Android development?";"<p>Anyone working on the Android ('gPhone') have or know of a place where I can find a good ORM tool for it? The code is written in Java, and the database is SQLite. What I would like to find is a tool that given the object definition, can auto-generate the tables and the CRUD functions (that would be awesome), or, barring that, a tool that can take the table definition, the object definition, and auto-generate the CRUD functionality. The rub is that all of this must happen within the Android framework, which has its own conventions as to how database access works.</p>&#xA;"
390482;"JRE on Android";"<p>This might sound like a stupid question, but google didn't help me. </p>&#xA;&#xA;<p>Is there a JRE available for Android? If so which version is it? Are there any major features missing?</p>&#xA;&#xA;<p>If not does that mean all java apps need to be recompiled for Dalvik to work on the Android?</p>&#xA;&#xA;<p><strong>Update;</strong> Will there ever be JRE available for the Android?</p>&#xA;"
392785;"XMPP and Android";"<blockquote>&#xA;  <p><strong>Possible Duplicate:</strong><br>&#xA;  <a href=""http://stackoverflow.com/questions/4769020/android-and-xmpp-currently-available-solutions"">Android and XMPP: Currently available solutions</a>  </p>&#xA;</blockquote>&#xA;&#xA;&#xA;&#xA;<p>I am trying to build a small XMPP client in Android. Any ideas on what library I can use?&#xA;I have tried using the Smack API, but there are some issues with it, which makes it not practical.</p>&#xA;"
419184;"How to delete an SMS from the inbox in Android programmatically?";"<p>On Android phones SMS messages registered to applications also get sent to the device's inbox.  However to prevent clutter, it'd be nice to be able to remove application specific SMS messages from the inbox to reduce the potential overflow of those messages.</p>&#xA;&#xA;<p>Questions on other Google groups on getting a definitive answer on a programmatic way to delete SMS messages from the Android inbox don't seem to be pressing.</p>&#xA;&#xA;<p>So the scenario:</p>&#xA;&#xA;<ul>&#xA;<li>Android App startup.</li>&#xA;<li>register SMS message types X,Y and Z</li>&#xA;<li>messages P,Q,X,Y,Z stream in over the course of time, all deposited in inbox</li>&#xA;<li>Android application detects receipt of X,Y,Z (presumably as part of the program interrupt event)</li>&#xA;<li>process X,Y,Z</li>&#xA;<li><em>Desirement!!!</em> X,Y,Z are deleted from the Android inbox</li>&#xA;</ul>&#xA;&#xA;<p>Has it been done?  Can it be done?</p>&#xA;"
432037;"How do I center text horizontally and vertically in a TextView on Android?";"<p>How do I center the text horizontally and vertically in a <code>TextView</code> in Android, so that it appears exactly in the middle of the <code>TextView</code>?</p>&#xA;"
432763;"What's the difference between fill_parent and wrap_content?";"<p>In Android, when layout out widgets, what's the difference between <code>fill_parent</code> (<code>match_parent</code> in API Level 8 and higher) and <code>wrap_content</code>?</p>&#xA;&#xA;<p>Is there any documentation where you can point to? I'm interested in understanding it very well.</p>&#xA;"
433392;"How do I use prepared statements in SQlite in Android?";"<p>How do I use prepared statements in SQlite in Android?</p>&#xA;"
433761;"How do you implement context menu in a ListActivity on Android?";"<p>How do you implement a context menu triggered by a long click or tap on a ListActivity that is using the built in layouts and a ListAdapter?</p>&#xA;"
437517;"android internals and memory/processor constraints?";"<p>I'm considering creating a screen reader for Android. My questions are as follows. One how much of the internals of Android are exposed through the Java API? I'm looking for things such as system wide notification when text is displayed, notification of a new application being launched, etc. I'd rather not have to modify the kernel source and only allow my app to run on a developer phone. Two, how much processor and memory are left over on the G1 assuming no applications running? Three assuming average use of applications on the phone how much processor and memory are left?&#xA;<br>More info<br>&#xA;I'm aware that applications should not be designed to work on a specific phone. I picked the G1 because it's the most popular phone currently running Android that I know of. I am looking for lower end system specs that my program would have to fit in, it may run great on a netbook with Android installed but use to much memory and processor to run on most Android handsets.&#xA;<br>Update:<br>&#xA;There are now two screen reader projects that use Android 1.6, they can be found at&#xA;<a href=""http://google-opensource.blogspot.com/2009/10/talkback-open-source-screenreader-for.html"" rel=""nofollow noreferrer"">http://google-opensource.blogspot.com/2009/10/talkback-open-source-screenreader-for.html</a>&#xA;<a href=""http://spiel.thewordnerd.info/"" rel=""nofollow noreferrer"">http://spiel.thewordnerd.info/</a></p>&#xA;"
442496;"Android HTTP Connection";"<p>Can anybody tell my why this doesn't work in the Android emulator? From the browser I have access and the server is internal. All I can think of is that I'm missing some configuration on my app so it can access the network layer.</p>&#xA;&#xA;<pre><code>try {&#xA;    InetAddress server = Inet4Address.getByName(""thehost"");&#xA;    //Doesn't work either&#xA;    //or InetAddress server2 = Inet4Address.getByAddress(new String(""192.168.1.30"").getBytes());&#xA;&#xA;    if(server.isReachable(5000)){&#xA;        Log.d(TAG, ""Ping!"");&#xA;    }&#xA;&#xA;    Socket clientsocket = new Socket(server, 8080);&#xA;} catch (UnknownHostException e) {&#xA;    Log.e(TAG, ""Server Not Found"");&#xA;} catch (IOException e) {&#xA;    Log.e(TAG, ""Couldn't open socket"");&#xA;}&#xA;</code></pre>&#xA;&#xA;<p><strong>Throws an UnknownHostException</strong></p>&#xA;&#xA;<p>Thanks</p>&#xA;"
449484;"Android: Capturing the return of an activity";"<p>I have a question regarding launching new activities. It boils down to this.&#xA;I have 3 tabs on a view</p>&#xA;&#xA;<pre><code>A) contains gMap activity&#xA; B) camera activity&#xA; C) some random text fields.&#xA;</code></pre>&#xA;&#xA;<p>Requirement is that the application runs in Portrait mode. </p>&#xA;&#xA;<p>All 3 tabs work as expected w/ the exception of the Camera Preview Surface (B). It is rotated 90 degrees. They only way to make it correct is to set the app to landscape which throws all my tabs around, and is pretty much unworkable.</p>&#xA;&#xA;<p>My solution is this : replace </p>&#xA;&#xA;<p>my camera activity with a regular activity that is empty w/ the exception of </p>&#xA;&#xA;<pre><code>Intent i = new Intent(this,CameraActivity.class);&#xA;    startActivity(i);&#xA;</code></pre>&#xA;&#xA;<p>This launches my CameraActivity. And that works fine. I had to do a linear layout and include 3 images that look like real tabs, so I can try and mimic the operation of the tabs while rotating the screen to landscape and keep the visuals as portrait.&#xA;The user can click one of the images(buttons) to display the next tab. This is my issue. It should exit my 'camera activity' returning to the 'blank activity' in a tab, where it should be interpreted to click the desiered tab from my image. </p>&#xA;&#xA;<p>The main thing is, when it returns, it returns to a blank (black) page under a tab (because it is 'empty'). How can I capture the return event back to the page that called the activity, and then see what action they performed? </p>&#xA;&#xA;<p>I can set an onclicklistener where I can respond to the fake tabs (images) being clicked to exit out of the camera activity. On exit, the tab should update so that is where you return. any Suggestions?</p>&#xA;&#xA;<p>Thanks,</p>&#xA;"
449763;"Where can I find Android source code online?";"<p>Particularly, where can I browse the source code for any android source application(e.g.the contact application) ? Is the only way to go to download all there is?</p>&#xA;"
451464;"I want pan and zoom functionality (like a MapView) on my own map image";"<p>How can I get my own image to be able to pan and zoom (like a MapView)?</p>&#xA;"
453353;"Google Android platform financially interesting already?";"<p>Good afternoon,</p>&#xA;&#xA;<p>with all the buzz around the iPhone / AppStore etc, I felt it to be a no-brainer to create a nice iPhone application for the web-application I've been putting together, but how's your experience with the Android Platform so far - is it interesting already from a sales &amp; user-volume?</p>&#xA;&#xA;<p>I've had a quick look at the T-Mobile G1 and from an end-user perspective I didn't think it is all to appealing and to me it seems it'll take a while until all this takes off.</p>&#xA;&#xA;<p>Does anyone of you already have an or multiple apps finished for the platform? How's your take on this.. are sales lower/higher than you expected them to be? Is it worth investing the time &amp; money (right now) to build an android version of my app? Being 'worth' obviously is a very flexible term and depends on someone's point of view, but basically right now every hour I don't work on the webapplication itself basically 'has' to pay off fairly quickly.. and that's why I'm reaching out for some real-life experience.</p>&#xA;&#xA;<p>Cheers and thanks,&#xA;-J</p>&#xA;"
454274;"Timed popup in Android";"<p>I am creating a matching game for Android, and when the user gets a match, a dialog box should pop up saying ""Match!"" I cannot figure out how to do this though. If I use Thread.currentthread().sleep, the dialog never appears. </p>&#xA;&#xA;<pre><code>android.app.AlertDialog a = new android.app.AlertDialog.Builder(match.this).setTitle(""Match!"").show();&#xA;Thread.currentthread().sleep(1000);&#xA;a.dismiss();&#xA;</code></pre>&#xA;&#xA;<p>Nothing happens - the program just hangs for a second. I would like it to pop up for just 1 second, or if there is another sort of popup type thing, that would be good too.</p>&#xA;"
454315;"How do you format date and time in Android?";"<p>How do you format correctly according to the device configuration a date and time when having year, month, day, hour and minute?</p>&#xA;"
455830;"Android : Getting file name from camera?";"<p>I have run into a small issue with something that I am probably just overlooking.</p>&#xA;&#xA;<p>I want to take a picture from the surface preview of the camera, and save it to the sd_card. This works ALMOST perfectly. I assign it a file name, and for one reason or another, it does not use the filename. </p>&#xA;&#xA;<p>This is what I have been trying to do :</p>&#xA;&#xA;<pre><code>    Button imagecapture = (Button)findViewById(R.id.imagecapture);&#xA;    imagecapture.setOnClickListener(new View.OnClickListener() {&#xA;        public void onClick(View view) {&#xA;            String filename = null;&#xA;            ImageCaptureCallback iccb = null;&#xA;&#xA;                try {&#xA;                filename = timeStampFormat.format(new Date());&#xA;                ContentValues values = new ContentValues();&#xA;                values.put(Media.TITLE, filename);&#xA;                values.put(Media.DESCRIPTION, ""Image capture by camera"");&#xA;&#xA;                Uri uri = getContentResolver().insert(Media.EXTERNAL_CONTENT_URI, values);&#xA;                iccb = new ImageCaptureCallback( getContentResolver().openOutputStream(uri));&#xA;                } catch(Exception ex ){&#xA;                ex.printStackTrace();&#xA;                Log.e(getClass().getSimpleName(), ex.getMessage(), ex);&#xA;                }&#xA;            camera.takePicture(mShutterCallback, mPictureCallbackRaw, iccb);&#xA;            com.froogloid.android.gspot.Park.imageFileName = filename;&#xA;&#xA;&#xA;        }&#xA;    }); &#xA;</code></pre>&#xA;&#xA;<p>It won't use the filename (i.e. time/date stamp I ask it to.)</p>&#xA;"
456211;"Activity restart on rotation Android";"<p>In my Android application, when I rotate the device (slide out the keyboard) then my <code>Activity</code> is restarted (<code>onCreate</code> is called). Now, this is probably how it's supposed to be, but I do a lot of initial setting up in the <code>onCreate</code> method, so I need either:</p>&#xA;&#xA;<ol>&#xA;<li>Put all the initial setting up in another function so it's not all lost on device rotation or</li>&#xA;<li>Make it so <code>onCreate</code> is not called again and the layout just adjusts or</li>&#xA;<li>Limit the app to just portrait so that <code>onCreate</code> is not called.</li>&#xA;</ol>&#xA;"
459729;"How to display a list of images in a ListView in Android?";"<p>How do I display a list of images using the ListView? I am dowloading the images at run time. The total number of images is not fixed.</p>&#xA;"
460387;"Wi-Fi programming in android";"<p>What is ScanResult.capabilities? Since I don't have a device, I don't know the format of it. </p>&#xA;&#xA;<p>How do you connnect to a specific AP? I look through the API documentation but found no method to implement the function. Am I missing something?</p>&#xA;"
460418;"How to show an text editing box ""over"" the screen?";"<p>I have an application that has a primary layout of portrait (it is fixed as portrait), and there is one place to type in text. I would like to launch like a popup window in landscape orientation with the background image fogged out. I know there is a Popup Widget, but any ideas for rotating the text edit box would be great. Rotating it into a portrait view (text box only) when the keyboard is slid out would also work, as would showing a new screen with the text box on keyboard slide.</p>&#xA;"
468211;"How do I get the _count in my content provider?";"<p>What should I do to get my content provider to return the _count column with the count of records? The documentation says it is automatic, but maybe it's only taking about some built-in content provider. Running  a query to the database seems not to return it.</p>&#xA;"
468993;"Is there a way to enable the JavaScript Error/Debug Console for Safari within Android?";"<p>I'm developing a JavaScript application that needs to run on the Google Android Phone OS.  Is there a way to enable the JavaScript Error/Debug console within Safari on either the Android Emulator or an actual device?  If so any instructions on how to do so would be appreciated.</p>&#xA;"
472313;"Android: Reverse geocoding - getFromLocation";"<p>I am trying to get an address based on the long/lat. it appears that something like this should work? </p>&#xA;&#xA;<pre><code>Geocoder myLocation = Geocoder(Locale.getDefault());&#xA;    List myList = myLocation.getFromLocation(latPoint,lngPoint,1);&#xA;</code></pre>&#xA;&#xA;<p>The issue is that I keep getting : The method Geocoder(Locale) is undefined for the type savemaplocation</p>&#xA;&#xA;<p>Any assistance would be helpful. Thank you.</p>&#xA;&#xA;<hr>&#xA;&#xA;<p>Thanks, I tried the context, locale one first, and that failed and was looking at some of the other constructors (I had seen one that had mentioned just locale). Regardless,</p>&#xA;&#xA;<p>It did not work, as I am still getting : The method Geocoder(Context, Locale) is undefined for the type savemaplocation</p>&#xA;&#xA;<p>I do have : import android.location.Geocoder;</p>&#xA;"
475674;"What DOM events are available to WebKit on Android?";"<p>I'm building a mobile web app targeting Android users. I need to know what DOM events are available to me. I have been able to make the following work, but not terribly reliably:</p>&#xA;&#xA;<ul>&#xA;<li>click</li>&#xA;<li>mouseover</li>&#xA;<li>mousedown</li>&#xA;<li>mouseup</li>&#xA;<li>change</li>&#xA;</ul>&#xA;&#xA;<p>I have not been able to get the following to work:</p>&#xA;&#xA;<ul>&#xA;<li>keypress</li>&#xA;<li>keydown</li>&#xA;<li>keyup</li>&#xA;</ul>&#xA;&#xA;<p>Does anyone know the full list of what is supported and in what contexts (e.g., is onchange only available to form inputs?)? I can't find a reference for this on The Googles.</p>&#xA;&#xA;<p>Thanks!</p>&#xA;&#xA;<p><strong>Update:</strong> I asked <a href=""http://groups.google.com/group/android-developers/browse_thread/thread/b9e24e2b05f39c5a/81292b608623f643"" rel=""nofollow noreferrer"">the same question on the Android developers list</a>. I will be doing some more testing and will post my results both here and there.</p>&#xA;"
476111;"Scala Programming for Android";"<p>I have followed the tutorial at <a href=""http://www.scala-lang.org/node/160"" rel=""nofollow noreferrer"">Scala and Android</a> with <em>Scala 2.7.3</em> final. The resulting Android App works but even the most basic application takes several minutes (!) to compile and needs <strong>900 kb</strong> compressed, which is a show stopper for mobile applications. Additionally, the IDE runs out of memory every now and then. I assume <code>dex</code> is not made for big libraries like the <code>scala-library</code>.</p>&#xA;&#xA;<ul>&#xA;<li>So my question is: Has anyone actually done this and is there any cure for this?</li>&#xA;</ul>&#xA;"
476848;"Android TextWatcher.afterTextChanged vs TextWatcher.onTextChanged";"<p>Under what circumstances should I use <code>afterTextChanged</code> instead of <code>onTextChanged</code> and vice versa?  Examples would be most instructive with attention to why <code>onTextChanged</code> must be Overridden but <code>afterTextChanged</code> and <code>beforeTextChanged</code> do not have to be Overridden.</p>&#xA;"
477572;"Strange out of memory issue while loading an image to a Bitmap object";"<p>I have a list view with a couple of image buttons on each row. When you click the list row, it launches a new activity. I have had to build my own tabs because of an issue with the camera layout. The activity that gets launched for result is a map. If I click on my button to launch the image preview (load an image off the SD card) the application returns from the activity back to the <code>listview</code> activity to the result handler to relaunch my new activity which is nothing more than an image widget. </p>&#xA;&#xA;<p>The image preview on the list view is being done with the cursor and <code>ListAdapter</code>. This makes it pretty simple, but I am not sure how I can put a resized image (I.e. Smaller bit size not pixel as the <code>src</code> for the image button on the fly. So I just resized the image that came off the phone camera.</p>&#xA;&#xA;<p>The issue is that I get an out of memory error when it tries to go back and re-launch the 2nd activity.</p>&#xA;&#xA;<ul>&#xA;<li>Is there a way I can build the list adapter easily row by row, where I can resize on the fly (<em>bit wise</em>)? </li>&#xA;</ul>&#xA;&#xA;<p>This would be preferable as I also need to make some changes to the properties of the widgets/elements in each row as I am unable to select a row with touch screen because of focus issue. (<em>I can use roller ball.</em>)</p>&#xA;&#xA;<ul>&#xA;<li>I know I can do an out of band resize and save of my image, but that is not really what I want to do, but some sample code for that would be nice.</li>&#xA;</ul>&#xA;&#xA;<p>As soon as I disabled the image on the list view it worked fine again.</p>&#xA;&#xA;<p>FYI: This is how I was doing it:</p>&#xA;&#xA;<pre><code>String[] from = new String[] { DBHelper.KEY_BUSINESSNAME,DBHelper.KEY_ADDRESS,DBHelper.KEY_CITY,DBHelper.KEY_GPSLONG,DBHelper.KEY_GPSLAT,DBHelper.KEY_IMAGEFILENAME  + """"};&#xA;int[] to = new int[] {R.id.businessname,R.id.address,R.id.city,R.id.gpslong,R.id.gpslat,R.id.imagefilename };&#xA;notes = new SimpleCursorAdapter(this, R.layout.notes_row, c, from, to);&#xA;setListAdapter(notes);&#xA;</code></pre>&#xA;&#xA;<p>Where <code>R.id.imagefilename</code> is a <code>ButtonImage</code>.</p>&#xA;&#xA;<p>Here is my LogCat:</p>&#xA;&#xA;<pre><code>01-25 05:05:49.877: ERROR/dalvikvm-heap(3896): 6291456-byte external allocation too large for this process.&#xA;01-25 05:05:49.877: ERROR/(3896): VM wont let us allocate 6291456 bytes&#xA;01-25 05:05:49.877: ERROR/AndroidRuntime(3896): Uncaught handler: thread main exiting due to uncaught exception&#xA;01-25 05:05:49.917: ERROR/AndroidRuntime(3896): java.lang.OutOfMemoryError: bitmap size exceeds VM budget&#xA;01-25 05:05:49.917: ERROR/AndroidRuntime(3896):     at android.graphics.BitmapFactory.nativeDecodeStream(Native Method)&#xA;01-25 05:05:49.917: ERROR/AndroidRuntime(3896):     at android.graphics.BitmapFactory.decodeStream(BitmapFactory.java:304)&#xA;01-25 05:05:49.917: ERROR/AndroidRuntime(3896):     at android.graphics.BitmapFactory.decodeFile(BitmapFactory.java:149)&#xA;01-25 05:05:49.917: ERROR/AndroidRuntime(3896):     at android.graphics.BitmapFactory.decodeFile(BitmapFactory.java:174)&#xA;01-25 05:05:49.917: ERROR/AndroidRuntime(3896):     at android.graphics.drawable.Drawable.createFromPath(Drawable.java:729)&#xA;01-25 05:05:49.917: ERROR/AndroidRuntime(3896):     at android.widget.ImageView.resolveUri(ImageView.java:484)&#xA;01-25 05:05:49.917: ERROR/AndroidRuntime(3896):     at android.widget.ImageView.setImageURI(ImageView.java:281)&#xA;01-25 05:05:49.917: ERROR/AndroidRuntime(3896):     at android.widget.SimpleCursorAdapter.setViewImage(SimpleCursorAdapter.java:183)&#xA;01-25 05:05:49.917: ERROR/AndroidRuntime(3896):     at android.widget.SimpleCursorAdapter.bindView(SimpleCursorAdapter.java:129)&#xA;01-25 05:05:49.917: ERROR/AndroidRuntime(3896):     at android.widget.CursorAdapter.getView(CursorAdapter.java:150)&#xA;01-25 05:05:49.917: ERROR/AndroidRuntime(3896):     at android.widget.AbsListView.obtainView(AbsListView.java:1057)&#xA;01-25 05:05:49.917: ERROR/AndroidRuntime(3896):     at android.widget.ListView.makeAndAddView(ListView.java:1616)&#xA;01-25 05:05:49.917: ERROR/AndroidRuntime(3896):     at android.widget.ListView.fillSpecific(ListView.java:1177)&#xA;01-25 05:05:49.917: ERROR/AndroidRuntime(3896):     at android.widget.ListView.layoutChildren(ListView.java:1454)&#xA;01-25 05:05:49.917: ERROR/AndroidRuntime(3896):     at android.widget.AbsListView.onLayout(AbsListView.java:937)&#xA;01-25 05:05:49.917: ERROR/AndroidRuntime(3896):     at android.view.View.layout(View.java:5611)&#xA;01-25 05:05:49.917: ERROR/AndroidRuntime(3896):     at android.widget.LinearLayout.setChildFrame(LinearLayout.java:1119)&#xA;01-25 05:05:49.917: ERROR/AndroidRuntime(3896):     at android.widget.LinearLayout.layoutHorizontal(LinearLayout.java:1108)&#xA;01-25 05:05:49.917: ERROR/AndroidRuntime(3896):     at android.widget.LinearLayout.onLayout(LinearLayout.java:922)&#xA;01-25 05:05:49.917: ERROR/AndroidRuntime(3896):     at android.view.View.layout(View.java:5611)&#xA;01-25 05:05:49.917: ERROR/AndroidRuntime(3896):     at android.widget.FrameLayout.onLayout(FrameLayout.java:294)&#xA;01-25 05:05:49.917: ERROR/AndroidRuntime(3896):     at android.view.View.layout(View.java:5611)&#xA;01-25 05:05:49.917: ERROR/AndroidRuntime(3896):     at android.widget.LinearLayout.setChildFrame(LinearLayout.java:1119)&#xA;01-25 05:05:49.917: ERROR/AndroidRuntime(3896):     at android.widget.LinearLayout.layoutVertical(LinearLayout.java:999)&#xA;01-25 05:05:49.917: ERROR/AndroidRuntime(3896):     at android.widget.LinearLayout.onLayout(LinearLayout.java:920)&#xA;01-25 05:05:49.917: ERROR/AndroidRuntime(3896):     at android.view.View.layout(View.java:5611)&#xA;01-25 05:05:49.917: ERROR/AndroidRuntime(3896):     at android.widget.FrameLayout.onLayout(FrameLayout.java:294)&#xA;01-25 05:05:49.917: ERROR/AndroidRuntime(3896):     at android.view.View.layout(View.java:5611)&#xA;01-25 05:05:49.917: ERROR/AndroidRuntime(3896):     at android.view.ViewRoot.performTraversals(ViewRoot.java:771)&#xA;01-25 05:05:49.917: ERROR/AndroidRuntime(3896):     at android.view.ViewRoot.handleMessage(ViewRoot.java:1103)&#xA;01-25 05:05:49.917: ERROR/AndroidRuntime(3896):     at android.os.Handler.dispatchMessage(Handler.java:88)&#xA;01-25 05:05:49.917: ERROR/AndroidRuntime(3896):     at android.os.Looper.loop(Looper.java:123)&#xA;01-25 05:05:49.917: ERROR/AndroidRuntime(3896):     at android.app.ActivityThread.main(ActivityThread.java:3742)&#xA;01-25 05:05:49.917: ERROR/AndroidRuntime(3896):     at java.lang.reflect.Method.invokeNative(Native Method)&#xA;01-25 05:05:49.917: ERROR/AndroidRuntime(3896):     at java.lang.reflect.Method.invoke(Method.java:515)&#xA;01-25 05:05:49.917: ERROR/AndroidRuntime(3896):     at com.android.internal.os.ZygoteInit$MethodAndArgsCaller.run(ZygoteInit.java:739)&#xA;01-25 05:05:49.917: ERROR/AndroidRuntime(3896):     at com.android.internal.os.ZygoteInit.main(ZygoteInit.java:497)&#xA;01-25 05:05:49.917: ERROR/AndroidRuntime(3896):     at dalvik.system.NativeStart.main(Native Method)&#xA;01-25 05:10:01.127: ERROR/AndroidRuntime(3943): ERROR: thread attach failed &#xA;</code></pre>&#xA;&#xA;<p>I also have a new error when displaying an image: </p>&#xA;&#xA;<pre><code>01-25 22:13:18.594: DEBUG/skia(4204): xxxxxxxxxxx jpeg error 20 Improper call to JPEG library in state %d&#xA;01-25 22:13:18.604: INFO/System.out(4204): resolveUri failed on bad bitmap uri: &#xA;01-25 22:13:18.694: ERROR/dalvikvm-heap(4204): 6291456-byte external allocation too large for this process.&#xA;01-25 22:13:18.694: ERROR/(4204): VM won't let us allocate 6291456 bytes&#xA;01-25 22:13:18.694: DEBUG/skia(4204): xxxxxxxxxxxxxxxxxxxx allocPixelRef failed&#xA;</code></pre>&#xA;"
484896;"How can access to the objects of a Layout XML from a Java class in Android";"<p>That's my question, I want design all the interface of my application within an XML layout but I want to handle all the onTouch events, move ImageViews, etc, from a Java Class, this is possible?</p>&#xA;"
495734;"Is there any way to prevent an Android app from being removed?";"<p>Does anyone know if there's a way to either keep the user from uninstalling an app from an Android phone or reinstall it on removal? Before you flame me, please know that I have an app that's intended to be installed on the phone by a parent/employer/etc. and has a password-protected settings screen; the user would need to enter the password to remove the app.</p>&#xA;"
499528;"What happened to android.provider.Telephony?";"<p>Does anyone know what happened to <code>android.provider.Telephony</code>? It is not there anymore.</p>&#xA;"
500264;"Android : Multiple Actions on a List View - Focus Issue";"<p>I would like to implement a ListView, which I can do no problem w/ my cursor. Right now depending on which row you click on it takes you to a new activity based on the information pressed on that row (just like it should, and as expected). I would like to have a button however to delete the row, so a user can press any part of the row to launch the new activity, but if they press the button on that row, it deletes the row (or launches a delete activity/function).</p>&#xA;&#xA;<p>If you can look @ DroidRecord, they have a similar layout as I am looking to achive.</p>&#xA;&#xA;<p>Thanks!</p>&#xA;&#xA;<p>Chris.</p>&#xA;"
501085;"Are there standard shortcuts on Android?";"<p>Is there some kind of guide about shortcuts on Android? I have the typical CRUD and I want to assign familiar shortcus.</p>&#xA;"
502788;"MapView with ItemizedOverlay and map scrolling";"<p>I have a problem with custom ItemizedOverlay on the MapView in Android.</p>&#xA;&#xA;<p><strong>What I've done:</strong> Very simple offspring of ItemizedOverlay class that only wraps my own type of items and uses ItemizedOverlay for all the hard work.</p>&#xA;&#xA;<p><strong>What works:</strong> Nearly everything - items are drawn properly, I can tap them etc.</p>&#xA;&#xA;<p><strong>The problem:</strong> If I drag the map in the view by the map itself, I can scroll it without a problems. But if I try to start moving the map over one of items from my overlay (eg. ""dragging map by item""), it doesn't move.</p>&#xA;&#xA;<p>This is really problem, because if I have ""a bit more"" items, there is no way to drag the map (without un-zooming and grabbing map outside items).</p>&#xA;&#xA;<p>This problem occurs even if I don't handle any events generated by ItemizedOverlay (eg. with onTap() commented out in my overlay).</p>&#xA;&#xA;<p>Any advice would be appreciated.</p>&#xA;"
503451;"How would you describe the current state of the Android platform?";"<p>Since the release of Android (over a year ago?), it's momentum seems to have slowed. I'm wondering of your perceptions of adoption and viability in the ""long run"".   </p>&#xA;&#xA;<p>I believe Apple will ""lighten up"" a bit with real competition and with other platforms appearing to open their platform more to developers, do you feel that Android will be buried before it can mature? </p>&#xA;"
513084;"Ship an application with a database";"<p>If your application requires a database and it comes with built in data, what is the best way to ship that application? Should I:</p>&#xA;&#xA;<ol>&#xA;<li><p>Precreate the SQLite database and include it in the <code>.apk</code>?</p></li>&#xA;<li><p>Include the SQL commands with the application and have it create the database and insert the data on first use?</p></li>&#xA;</ol>&#xA;&#xA;<p>The drawbacks I see are:</p>&#xA;&#xA;<ol>&#xA;<li><p>Possible SQLite version mismatches might cause problems and I currently don't know where the database should go and how to access it.</p></li>&#xA;<li><p>It may take a really long time to create and populate the database on the device.</p></li>&#xA;</ol>&#xA;&#xA;<p>Any suggestions? Pointers to the documentation regarding any issues would be greatly appreciated.</p>&#xA;"
522800;"Android TextView Timer";"<p>For my Android application there is a timer that measures how much time has passed. Ever 100 milliseconds I update my TextView with some text like ""Score: 10 Time: 100.10 seconds"". But, I find the TextView only updates the first few times. The application is still very responsive, but the label will not update. I tried to call .invalidate(), but it still does not work. I don't know if there is some way to fix this, or a better widget to use.</p>&#xA;&#xA;<p>Here is a example of my code:</p>&#xA;&#xA;<pre><code>float seconds;&#xA;java.util.Timer gametimer;&#xA;void updatecount() { TextView t = (TextView)findViewById(R.id.topscore);&#xA;t.setText(""Score: 10 - Time: ""+seconds+"" seconds"");&#xA;t.postInvalidate();&#xA;}&#xA;public void onCreate(Bundle sis) {&#xA;... Load the UI, etc...&#xA;  gametimer.schedule(new TimerTask() { public void run() {&#xA;     seconds+=0.1; updatecount();&#xA;} }, 100, 100);&#xA;}&#xA;</code></pre>&#xA;"
523510;"Is there a view for inputing integers in Android?";"<p>I'm looking for something like the individual parts of the date picker dialog. A view that allows you to input integers (and only integers) that you can limit (between 1 and 10 for example), where you can use the keyboard or the arrows in the view itself. Does it exists?</p>&#xA;&#xA;<p>It is for a dialog. A ready-made dialog to request an integer would also help.</p>&#xA;"
524257;"Best option for using the GData APIs on Android?";"<p>What's the least painful and most size efficient way to use the Google Data APIs in an Android application?</p>&#xA;&#xA;<p>After a few quick searches t seems that there is an <a href=""http://code.google.com/p/android-gdata/"" rel=""nofollow noreferrer"">android-gdata</a> project on Google Code that seems to be the work of a single author. I didn't find any documentation for it and don't even know if it's production ready yet.</p>&#xA;&#xA;<p>An older option, the com.google.wireless.gdata package seems to have been <a href=""http://groups.google.com/group/android-developers/browse_thread/thread/faea8516f95ceaa6/9fc2090ffaf6620f?lnk=raot"" rel=""nofollow noreferrer"">removed</a> from the SDK. It's still <a href=""http://android.git.kernel.org/?p=platform/external/gdata.git;a=summary"" rel=""nofollow noreferrer"">available</a> in the GIT repository.</p>&#xA;&#xA;<p>Before I invest too much time with either approach I'd like to know which is the best supported and least painful.</p>&#xA;"
525063;"Android Respond To URL in Intent";"<p>I want my intent to be launched when the user goes to a certain url: for example, the android market does this with <a href=""http://market.android.com/"" rel=""nofollow noreferrer"">http://market.android.com/</a> urls. so does youtube. I want mine to do that too.</p>&#xA;"
525204;"Android Download Intent";"<p>I was wondering what is the intent for downloading URLs? In the browser, it will download stuff with a little notification icon. I was wondering if I can use that intent (and what it is). Thanks, Isaac Waller</p>&#xA;"
526074;"Android Activity with no GUI";"<p>I have created a activity that is only meant to be launched from a link (using a intent filter.) I do not want this activity to have a GUI - I just want it to start a service and put a notification in the bar. I have tried to put the intent filter for the link in my service, but that does not work. Is there a better thing to do this that will answer to intent filters - or can I just make my activity not have a GUI?<br>&#xA;Sorry if I'm being confusing, Isaac</p>&#xA;"
526524;"Android - Get time of chronometer widget";"<p>I have a Chronometer widget in my Android app. I was wondering how to get the time from it. I tried getText, getFormat, getBase, etc, but none of them work. This is probably a easy question, but I could not find it on Google.<br>&#xA;Thanks, Isaac Waller</p>&#xA;&#xA;<p>Example code snippet:</p>&#xA;&#xA;<pre><code>Chronometer t = (Chronometer)findViewById(R.id.toptime);&#xA;long time = SystemClock.elapsedRealtime()-t.getBase();&#xA;Log.d(null,""Was: ""+time); //time is not the proper time for some reason - it is a random number between 0 and 50&#xA;t.setBase(SystemClock.elapsedRealtime());&#xA;t.start();&#xA;</code></pre>&#xA;"
527216;"How to remove a contact programmatically in android";"<p>I try the following code to remove contact with a specified number:</p>&#xA;&#xA;<pre><code>private void removeContact(Context context, String phone) {&#xA;    //context.getContentResolver().delete(Contacts.Phones.CONTENT_URI, phone, null);&#xA;    context.getContentResolver().delete(Contacts.Phones.CONTENT_URI,&#xA;          Contacts.PhonesColumns.NUMBER+""=?"", new String[] {phone});&#xA;}&#xA;</code></pre>&#xA;&#xA;<p>But I get this exception:</p>&#xA;&#xA;<pre><code>java.lang.UnsupportedOperationException: Cannot delete that URL: content://contacts/phones&#xA;    at android.database.DatabaseUtils.readExceptionFromParcel(DatabaseUtils.java:130)&#xA;    at android.database.DatabaseUtils.readExceptionFromParcel(DatabaseUtils.java:110)&#xA;    at android.content.ContentProviderProxy.delete(ContentProviderNative.java:362)&#xA;    at android.content.ContentResolver.delete(ContentResolver.java:386)&#xA;</code></pre>&#xA;&#xA;<p>Can you please tell me how to fix my problem?</p>&#xA;&#xA;<p>Thank you.</p>&#xA;"
528589;"Android TouchEvents DOM API";"<p>Is there a TouchEvents DOM API for Android?&#xA;I need to implement drag &amp; drop behavior.</p>&#xA;"
531324;"Android : Location.distanceTo not working correctly?";"<p>I am having an issue calculating distance using the Location.distanceTo method.</p>&#xA;&#xA;<pre><code>private class MyLocationOverlay1 extends MyLocationOverlay {&#xA;    @Override&#xA;    public void drawMyLocation(Canvas canvas, MapView mapView, Location lastFix, GeoPoint myLocation, long when) &#xA;            super.drawMyLocation(canvas,mapView,lastFix,myLocation,when);&#xA;&#xA;            Location bLocation = new Location(""reverseGeocoded"");&#xA;            bLocation.setLatitude(FindList.gpslat);           // Value = 3.294391E7&#xA;            bLocation.setLongitude(FindList.gpslong);         // Value = -9.6564615E7&#xA;            Location aLocation = new Location(""reverseGeocoded"");&#xA;            aLocation.setLatitude(myLocation.getLatitudeE6());   // Value = 3.2946164E7&#xA;            aLocation.setLongitude(myLocation.getLongitudeE6()); // Value = -9.6505141E7&#xA;            aLocation.set(aLocation);    // Don't think I need this   &#xA;            bLocation.set(bLocation);    // Don't think I need this either&#xA;&#xA;            int distance = (int)aLocation.distanceTo(bLocation);  // Value = 12637795 ???&#xA;            String str = "" ("" + String.valueOf(distance) + "" meters)"";&#xA;}&#xA;}&#xA;</code></pre>&#xA;&#xA;<p>Can someone tell my why my distance calculation is showing 12,637,795 Meters?</p>&#xA;"
531427;"How do I display the current value of an Android Preference in the Preference summary?";"<p>This must come up very often.</p>&#xA;&#xA;<p>When the user is editing preferences in an Android app, I'd like them to be able to see the currently set value of the preference in the <code>Preference</code> summary.</p>&#xA;&#xA;<p>Example: if I have a Preference setting for ""Discard old messages"" that specifies the number of days after which messages need to be cleaned up. In the <code>PreferenceActivity</code> I'd like the user to see:</p>&#xA;&#xA;<p><em>""Discard old messages""</em> &lt;- title</p>&#xA;&#xA;<p><em>""Clean up messages after <strong>x</strong> days""</em> &lt;- <a href=""http://code.google.com/android/reference/android/preference/Preference.html#setSummary(java.lang.CharSequence)"" rel=""nofollow noreferrer"">summary</a> where <strong>x</strong> is the current Preference value </p>&#xA;&#xA;<p>Extra credit: make this reusable, so I can easily apply it to all my preferences regardless of their type (so that it work with EditTextPreference, ListPreference etc. with minimal amount of coding).</p>&#xA;"
531819;"How to size Android components according to image size using XML";"<p>I have created a custom icon bar in Android using the XML layout creator, using a RadioGroup within a LinearLayout (XML included below).  Each RadioButton within the RadioGroup has a custom drawable (with checked and unchecked states) as its <code>android:button</code> attribute.  </p>&#xA;&#xA;<p>The Linear layout is itself within a <code>RelativeLayout</code> so that it can appear at an arbitrary position on the screen (as a side bar, in this instance).</p>&#xA;&#xA;<p>The drawables are 55 pixels wide, and the <code>android:layout\_width</code> attribute of all these views is <code>wrap\_content</code>.</p>&#xA;&#xA;<p>When I make this component visible, aligned to the bottom-left of the screen, only about three-quarters of the RadioButton image widths are visible.  Setting the <code>layout\_width</code> of the <code>RelativeLayout</code> to <code>fill\_parent</code>  rectifies this and causes the full button to appear.</p>&#xA;&#xA;<p>However this means that the button group consumes click events across the entire width of the screen.</p>&#xA;&#xA;<p>How can I make the entire button appear, and have only the area of the button respond to clicks?  Hard-coding the width of the drawable is not a particularly desirable solution.</p>&#xA;&#xA;<pre><code>&lt;RelativeLayout android:id=""@+id/RelativeLayout01"" android:layout_width=""wrap_content"" android:layout_height=""wrap_content""&gt;&#xA;    &lt;LinearLayout android:id=""@+id/LinearLayout02"" android:layout_width=""wrap_content"" android:layout_height=""wrap_content"" android:orientation=""vertical"" android:layout_alignParentBottom=""true"" android:layout_alignParentLeft=""true"" android:layout_below=""@+id/LinearLayout01"" android:visibility=""invisible""&gt;&#xA;        &lt;RadioGroup android:id=""@+id/RadioGroup01"" android:layout_height=""wrap_content"" android:checkedButton=""@+id/RB01"" android:layout_width=""fill_parent""&gt;&#xA;            &lt;RadioButton android:id=""@+id/RB01"" android:layout_width=""fill_parent"" android:layout_height=""wrap_content"" android:button=""@drawable/DR01""/&gt;&#xA;            &lt;RadioButton android:id=""@+id/RB02"" android:layout_width=""fill_parent"" android:layout_height=""wrap_content"" android:button=""@drawable/DR02""/&gt;&#xA;            &lt;RadioButton android:id=""@+id/RB03"" android:layout_width=""fill_parent"" android:layout_height=""wrap_content"" android:button=""@drawable/DR03""/&gt;&#xA;            &lt;RadioButton android:id=""@+id/RB04"" android:layout_width=""fill_parent"" android:layout_height=""wrap_content"" android:button=""@drawable/DR04""/&gt;&#xA;        &lt;/RadioGroup&gt;&#xA;    &lt;/LinearLayout&gt;&#xA;    &lt;/RelativeLayout&gt;&#xA;</code></pre>&#xA;"
540461;"Android : BaseAdapter how to?";"<p>Ok, I have been searching thick and thin, and I am having some issues implementing a BaseAdapter.</p>&#xA;&#xA;<p>I have been able to implement a Simple Cursor Adapter &#xA;<a href=""http://developer.android.com/resources/samples/ApiDemos/src/com/example/android/apis/view/List7.html"" rel=""nofollow noreferrer"">http://developer.android.com/resources/samples/ApiDemos/src/com/example/android/apis/view/List7.html</a> as per the example above.</p>&#xA;&#xA;<p>There is a pretty good BaseAdapter example here : <a href=""http://developer.android.com/resources/samples/ApiDemos/src/com/example/android/apis/view/List14.html"" rel=""nofollow noreferrer"">List14 google example</a></p>&#xA;&#xA;<p>I am wanting to create my own List Adapter using BaseAdapter to show a listView, with multiple items from a Database. I know this can be done using the Simple Cursor Adapter, but I am looking to handle rows differently, so I want to be able to draw each row by overriding getView. The data would be pulled from a cursor.</p>&#xA;&#xA;<p>I know this code is ugly for getting to the cursor data, but assuming I have populated a cursor. What suggestions do you have on this if column 8 contains the image resource id. : </p>&#xA;&#xA;<pre><code>@Override&#xA;public View getView(int position, View convertView, ViewGroup parent) {&#xA;    // TODO Auto-generated method stub&#xA;    cursor.moveToPosition(position);&#xA;    ImageView i = new ImageView(mContext);&#xA;    i.setImageResource(cursor.getShort(8));&#xA;    i.setAdjustViewBounds(true);&#xA;    i.setLayoutParams(new AbsListView.LayoutParams(LayoutParams.WRAP_CONTENT, LayoutParams.WRAP_CONTENT));&#xA;&#xA;    return i;&#xA;}&#xA;</code></pre>&#xA;&#xA;<p>Do you have any good examples of a BaseAdapter being drawn using a cursor? </p>&#xA;"
541966;"Lazy load of images in ListView";"<p>I am using a <code>ListView</code> to display some images and captions associated with those images. I am getting the images from the Internet. Is there a way to lazy load the images so while the text displays, the UI is not locked up and images are displayed as they are downloaded? </p>&#xA;&#xA;<p>The number of images is not fixed.</p>&#xA;"
548892;"Tips for optimizing a website for Android's browser?";"<p>I'm looking for tips, tricks and resources on optimizing a website design for Android's browser.</p>&#xA;&#xA;<p>I'm building an Android app and some of the functionality will be accessible through a web interface.</p>&#xA;"
549451;"Line-breaking widget layout for Android";"<p>I'm trying to create an activity that presents some data to the user. The data is such that it can be divided into 'words', each being a widget, and sequence of 'words' would form the data ('sentence'?), the ViewGroup widget containing the words. As space required for all 'words' in a 'sentence' would exceed the available horizontal space on the display, I would like to wrap these 'sentences' as you would a normal piece of text.</p>&#xA;&#xA;<p>The following code:</p>&#xA;&#xA;<pre><code>public class WrapTest extends Activity {&#xA;    /** Called when the activity is first created. */&#xA;    @Override&#xA;    public void onCreate(Bundle savedInstanceState) {&#xA;        super.onCreate(savedInstanceState);&#xA;        LinearLayout l = new LinearLayout(this);&#xA;        LinearLayout.LayoutParams lp = new LinearLayout.LayoutParams(&#xA;                LinearLayout.LayoutParams.FILL_PARENT,&#xA;                LinearLayout.LayoutParams.WRAP_CONTENT);&#xA;        LinearLayout.LayoutParams mlp = new LinearLayout.LayoutParams(&#xA;                new ViewGroup.MarginLayoutParams(&#xA;                        LinearLayout.LayoutParams.WRAP_CONTENT,&#xA;                        LinearLayout.LayoutParams.WRAP_CONTENT));&#xA;        mlp.setMargins(0, 0, 2, 0);&#xA;&#xA;        for (int i = 0; i &lt; 10; i++) {&#xA;            TextView t = new TextView(this);&#xA;            t.setText(""Hello"");&#xA;            t.setBackgroundColor(Color.RED);&#xA;            t.setSingleLine(true);&#xA;            l.addView(t, mlp);&#xA;        }&#xA;&#xA;        setContentView(l, lp);&#xA;    }&#xA;}&#xA;</code></pre>&#xA;&#xA;<p>yields something like the left picture, but I would want a layout presenting the same widgets like in the right one.</p>&#xA;&#xA;<p><img src=""http://fnord.se/android/01-have.png"" alt=""non-wrapping""> <img src=""http://fnord.se/android/01-want.png"" alt=""wrapping""></p>&#xA;&#xA;<p>Is there such a layout or combination of layouts and parameters, or do I have to implement my own ViewGroup for this?</p>&#xA;"
550905;"Access pictures from Pictures app in my android app";"<p>Just like the iPhone has a UIImagePickerController to let the user access pictures stored on the device, do we have a similar control in the Android SDK?</p>&#xA;&#xA;<p>Thanks.</p>&#xA;"
551925;"How to specify different images when my custom widget has focus";"<p>I am trying to setup a selector drawable in my asset file like this:&#xA;* 2 different images for 'on'/'off' mode in rest mode (i.e. it does&#xA;not has focus)&#xA;* another 2 different images for 'on'/'off' mode in focus mode (i.e.&#xA;it has the focus).</p>&#xA;&#xA;<p>In my case, the 'rest' mode works, but the 'focus' mode does not.</p>&#xA;&#xA;<p>Can you please tell me what am I missing in the focus mode? Thank you.</p>&#xA;&#xA;<pre><code>&lt;!-- these 2 images works ---&gt;&#xA;&lt;item android:state_checked=""false"" android:drawable=""@drawable/off"" /&gt;&#xA;&lt;item android:state_checked=""true"" android:drawable=""@drawable/on"" /&gt;&#xA;&#xA;&#xA;&lt;!-- these 2 images does not work --&gt;&#xA;&#xA; &lt;item android:state_focused=""true"" android:state_checked=""false""&#xA;android:drawable=""@drawable/off_focus"" /&gt;&#xA;&#xA; &lt;item android:state_focused=""true"" android:state_checked=""true""&#xA;android:drawable=""@drawable/on_focus"" /&gt;&#xA;</code></pre>&#xA;"
552070;"Android - How Do I Set A Preference In Code";"<p>I have an Android application in which I have my preferences in a xml file, which works fine.  I've now want to set one of the preferences using code instead of displaying the entire preference screen, how would I go about doing this?</p>&#xA;"
552247;"Android BaseAdapter : position not really the position?";"<p>I am so confused when my list view using a BaseAdapter goes off the screen, each row no longer maintains a consecutive position. I don't know how else to explain it other than this.</p>&#xA;&#xA;<p>If my BA/LV shows 4 items on the screen, and I add a view that displays a TextView of each row, it shows 0,1,2,3 for the row numbers (which is correct). But as soon as I scroll the list down to the bottom 4 items (items 5-8) it then shows those as 4,5,0,1?? Why?? I am so confused :/ I have tried doing all kinds of things (even some unconventional things, but this is the last thing I have that is not working). </p>&#xA;&#xA;<p>** EDIT **&#xA;I did discover that if I change <code>rv = (RowView) convertView</code>; to</p>&#xA;&#xA;<pre><code>rv =  new RowView(mContext,(cursor.getString(2)),&#xA;                        (cursor.getString(5)),&#xA;                        cursor.getString(cursor.getColumnIndex(DBHelper.KEY_IMAGEFILENAME)),&#xA;                        cursor.getString(cursor.getColumnIndex(DBHelper.KEY_CITY)),position);&#xA;</code></pre>&#xA;&#xA;<p>that it works, but then it is not re-using the code. So I guess I am on the right track. I did try some convenience methods, but that did not help me too much because I needed to set those values before the Constructor fired off. Do I need to create a new method and fire that at the end? Such as 'addRow' method? This also causes it to scroll VERY Slow.</p>&#xA;&#xA;<pre><code>          @Override&#xA;               public void onCreate(Bundle bundle)&#xA;               {&#xA;                 super.onCreate(bundle);&#xA;                 //setContentView(R.layout.findlist);&#xA;                 //getListView().setEmptyView(findViewById(R.id.empty));&#xA;                 mDbHelper = new DBHelper(this);&#xA;                 mDbHelper.open();&#xA;                 cursor = mDbHelper.fetchAllLocations();&#xA;                 startManagingCursor(cursor);&#xA;                 mAdapter = new myListAdapter(this);&#xA;                 setListAdapter(mAdapter);&#xA;&#xA;               }&#xA;    public class myListAdapter extends BaseAdapter {&#xA;            public String testing;&#xA;            public myListAdapter(Context c) {&#xA;                mContext = c;&#xA;                // TODO Auto-generated constructor stub&#xA;            }&#xA;&#xA;            @Override&#xA;            public int getCount() {&#xA;                // TODO Auto-generated method stub&#xA;                return cursor.getCount();&#xA;            }&#xA;&#xA;            @Override&#xA;            public Object getItem(int position) {&#xA;                // TODO Auto-generated method stub&#xA;                return position;&#xA;            }&#xA;&#xA;            @Override&#xA;            public long getItemId(int position) {&#xA;                // TODO Auto-generated method stub&#xA;                return position;&#xA;            }&#xA;&#xA;            @Override&#xA;            public View getView(int position, View convertView, ViewGroup parent) {&#xA;&#xA;&#xA;                 cursor.moveToPosition(position);&#xA;                 RowView rv;&#xA;&#xA;&#xA;                 if (convertView == null) {&#xA;                        rv = new RowView(mContext,(cursor.getString(2)),&#xA;                                (cursor.getString(5)),&#xA;                                cursor.getString(cursor.getColumnIndex(DBHelper.KEY_IMAGEFILENAME)),&#xA;                                cursor.getString(cursor.getColumnIndex(DBHelper.KEY_CITY)),position);&#xA;                    } else {&#xA;                        rv = (RowView) convertView;&#xA;                        try {&#xA;              // I KNOW THIS SECTION IS NOT RIGHT, BUT I HAVE BEEN MESSING IN HERE          &#xA;                        rv.setAddress(cursor.getString(2));&#xA;                        rv.setCity(cursor.getString(5));&#xA;                        rv.setFocusable(true);&#xA;                        rv.setClickable(true); }&#xA;                        catch (Exception e) {&#xA;                            rv = (RowView) convertView;&#xA;                            rv.setAddress(cursor.getString(2));&#xA;                            rv.setCity(cursor.getString(5));&#xA;                            rv.setFocusable(true);&#xA;                            rv.setClickable(true); &#xA;                            Toast mToast;&#xA;                            mToast = Toast.makeText(FindList.this, ""Error :"" + e.toString() ,&#xA;                                    Toast.LENGTH_LONG);&#xA;                            mToast.show();&#xA;                        }&#xA;                    }&#xA;&#xA;                 return rv;&#xA;            }&#xA;&#xA;            public void addItems() {&#xA;&#xA;                 //String[] from = new String[] { DBHelper.KEY_BUSINESSNAME, DBHelper.KEY_ADDRESS, DBHelper.KEY_CITY, DBHelper.KEY_GPSLONG, DBHelper.KEY_GPSLAT,  DBHelper.KEY_IMAGEFILENAME  + """"};&#xA;                 // create array of values of widgits&#xA;                 //to = new int[] { R.id.businessname, R.id.address, R.id.city, R.id.gpslong, R.id.gpslat, R.id.preview};&#xA;                 // Now create an array adapter and set it to display using our row from notes_row.xml&#xA;&#xA;&#xA;            }&#xA;&#xA;&#xA;&#xA;        }&#xA;&#xA;&#xA;private class RowView extends LinearLayout {&#xA;        private TextView mAddress;&#xA;        private TextView mCity;&#xA;        public ImageView mArrow;&#xA;        public ImageView mPicture;&#xA;        public String mPathName;&#xA;        public String mDateTime;&#xA;        public RowView(Context context, String title, String words, String pathName, String city, int position) {&#xA;            super(context);&#xA;&#xA;            this.setOrientation(HORIZONTAL);&#xA;            this.setVerticalGravity(16); //CENTER_VERTICAL &#xA;&#xA;            // Here we build the child views in code. They could also have&#xA;            // been specified in an XML file.&#xA;&#xA;            //DISPLAY DELETE BUTTON&#xA;            Button mButton = new Button(context);&#xA;            mButton.setFocusable(false);&#xA;            mButton.setId(position);&#xA;            mButton.setBackgroundResource(R.drawable.delete3);&#xA;            addView(mButton, new LinearLayout.LayoutParams(&#xA;                    LayoutParams.WRAP_CONTENT, LayoutParams.WRAP_CONTENT));&#xA;&#xA;            TextView mTitle;&#xA;            mTitle = new TextView(context);&#xA;            mTitle.setText(Integer.toString(position));&#xA;            addView(mTitle, new LinearLayout.LayoutParams(&#xA;                    LayoutParams.WRAP_CONTENT, LayoutParams.WRAP_CONTENT));&#xA;&#xA;            this.setOrientation(HORIZONTAL);      &#xA;&#xA;            try {&#xA;             Bitmap bm = Bitmap.createScaledBitmap(BitmapFactory.decodeFile(cursor.getString(cursor.getColumnIndex(DBHelper.KEY_IMAGEFILENAME))),100, 100, true);&#xA;                mPicture = new ImageView(context);&#xA;                mPicture.setImageBitmap(bm);    &#xA;           } catch (Exception e) { &#xA;                 mPicture = new ImageView(context);&#xA;                 mPicture.setImageResource(R.drawable.noimage);&#xA;           }     &#xA;&#xA;            addView(mPicture, new LinearLayout.LayoutParams(&#xA;                    LayoutParams.WRAP_CONTENT, LayoutParams.WRAP_CONTENT));&#xA;&#xA;            mArrow = new ImageView(context);&#xA;            mArrow.setBackgroundResource(R.drawable.arrowleft3);&#xA;            addView(mArrow, new LinearLayout.LayoutParams(&#xA;                    LayoutParams.WRAP_CONTENT, LayoutParams.WRAP_CONTENT));&#xA;&#xA;            currentPosition = position;&#xA;            Button button = (Button)findViewById(position);&#xA;            button.setOnClickListener(mCorkyListener);&#xA;&#xA;        }&#xA;</code></pre>&#xA;"
559405;"Android add item to global context menu";"<p>When you long press on something in Android, a context menu comes up. I want to add something to this context menu for all <code>TextViews</code> in the system. </p>&#xA;&#xA;<p>For example, the system does this with Copy and Paste. I would want to add my own, and have it appear in every application. </p>&#xA;"
559902;"Android- how can I convert android.net.Uri object to java.net.URI object?";"<p>Thanks for any help.</p>&#xA;&#xA;<p>I am trying to get a FileInputStream object on an image that the user selects from the picture gallery. This is the android URI returned by android.provider.MediaStore.Images.Media.INTERNAL_CONTENT_URI</p>&#xA;&#xA;<p>content://media/external/images/media/3</p>&#xA;&#xA;<p>When I try to construct a java URI object from this object, I get an IllegalArgumentException with the exception description <strong>Expected file scheme in URI: content://media/external/images/media/3</strong> whereas the android URI shows the scheme as <strong>content</strong></p>&#xA;&#xA;<p>Never found a solution for the original question. But if you want the byte stream of an image in the pictures gallery, this piece of code will do that.</p>&#xA;&#xA;<pre><code>Bitmap bitmap = Media.getBitmap(getContentResolver(), imageUri);&#xA;ByteArrayOutputStream bytes = new ByteArrayOutputStream();&#xA;bitmap.compress(Bitmap.CompressFormat.JPEG, 40, bytes);&#xA;ByteArrayInputStream fileInputStream = new ByteArrayInputStream(bytes.toByteArray());&#xA;</code></pre>&#xA;"
562267;"How do I programmatically control the size of a child view in an Android AbsoluteLayout";"<p>The documentation at <a href=""http://code.google.com/android/reference/android/widget/AbsoluteLayout.html"" rel=""nofollow noreferrer"">http://code.google.com/android/reference/android/widget/AbsoluteLayout.html</a> says:</p>&#xA;&#xA;<pre><code>onLayout(boolean changed, int l, int t, int r, int b)&#xA;//Called from layout when this view should assign a size and position to each of its children. &#xA;</code></pre>&#xA;&#xA;<p>So I overrode it like this:</p>&#xA;&#xA;<pre><code>@Override&#xA;protected void onLayout(boolean changed, int l, int t, int r, int b) {&#xA;    Log.d(""test"", ""In MainLayout.onLayout"");&#xA;    int childCount = getChildCount();&#xA;    for (int childIndex = 0; childIndex &lt; childCount; childIndex++) {&#xA;        getChildAt(childIndex).setLayoutParams(new LayoutParams(100, 100, 100, 100));&#xA;    }&#xA;    super.onLayout(changed, l, t, r, b);&#xA;}&#xA;</code></pre>&#xA;&#xA;<p>I am declaring the child elements (buttons) in the XML for the layout.</p>&#xA;&#xA;<p>This correctly sets the position of the buttons but not the size.  The size is being taken from what is defined in the XML (it's a required attribute).</p>&#xA;"
568533;"Android MenuItem Toggle Button";"<p>In my Android application, I want a setting to be toggleable in it's menu like the Dialer app does for speaker and mute. You can see a picture below:  </p>&#xA;&#xA;<p><img src=""http://www.isaacwaller.com/images/acall.png"" /></p>&#xA;&#xA;<p>You see how the Speaker, Mute and Hold options are toggle buttons - you can tap them again and they will toggle the green color. They may do this in a custom way, but I suspect it is a option (I tried setting the Checkable attribute).</p>&#xA;"
569830;"Strange ListView selection behavior on Android";"<p>Got an activity that extends <code>ListActivity</code>.&#xA;The list is backed up by a custom adapter that extends <code>BaseAdapter</code>.</p>&#xA;&#xA;<pre><code>getListView().setFocusable(true);&#xA;getListView().setChoiceMode(ListView.CHOICE_MODE_SINGLE);&#xA;</code></pre>&#xA;&#xA;<p>I do a simple <code>(getSelectedItemPosition() == ListView.INVALID_POSITION)</code> check in <code>onPrepareOptionsMenu()</code> to disable the items that require an item to be selected.</p>&#xA;&#xA;<p>Now, what I do after launching the activity (the action takes place&#xA;under emulator, ver.1.1) an what it looks like:</p>&#xA;&#xA;<ol>&#xA;<li>Hit menu - the menu items are disabled - OK</li>&#xA;<li>Select an item with mouse wheel and hit menu - the items get enabled&#xA;-OK</li>&#xA;<li>Click anywhere outside the list, repeat 2). The items don't get&#xA;enabled - WTF?</li>&#xA;<li>Start from scratch, select an item hitting Del and moving mouse. The&#xA;result is the same as for 3.</li>&#xA;</ol>&#xA;&#xA;<p>Why do these (3, 4) things keep happening to me? :)&#xA;TIA. </p>&#xA;"
571783;"File permissions in Android";"<p>First of all, Hi to everyone, I'm here just to ask something maybe very simple, I'm working with Files, <strong>FileOutputStream</strong> and <strong>FileInputStream</strong>, But I just want to get/set a few props from the file, I mean, the owner the file, the permissions read/write, etc.</p>&#xA;&#xA;<p>Looking around I found the classes <strong>FileDescriptor</strong> and <strong>FilePermission</strong> but I don't have an idea of which I can use them, so I asking for some help about this; Actually I'm using the method <strong>setReadOnly()</strong> from the class <strong>File</strong> but that's now what I'm looking for.</p>&#xA;&#xA;<p>Thank you all of you for your help. </p>&#xA;"
572053;"Focus control in a ListView";"<p>The context:&#xA;I want to have a ListView that wouldn't receive focus (e.g. won't&#xA;highlight row when user touches it). Yet each row widget has it's own&#xA;OnClickListener.&#xA;Here's what I specify in layout xml:</p>&#xA;&#xA;<pre><code>android:choiceMode=""none"" &#xA;android:focusableInTouchMode=""false""&#xA;android:focusable=""false""&#xA;</code></pre>&#xA;&#xA;<p>The ListView still behaves exactly the same.&#xA;Could someone please explain</p>&#xA;&#xA;<ol>&#xA;<li>The interrelation between the three</li>&#xA;<li>What's the right way to create a ListView that doesn't receive focus?</li>&#xA;</ol>&#xA;&#xA;<p>TIA. </p>&#xA;"
573184;"Java - Convert String to valid URI object";"<p>I am trying to get a <code>java.net.URI</code> object from a <code>String</code>. The string has some characters which will need to be replaced by their percentage escape sequences. But when I use URLEncoder to encode the String with UTF-8 encoding, even the / are replaced with their escape sequences.</p>&#xA;&#xA;<p>How can I get a valid encoded URL from a String object?</p>&#xA;&#xA;<p><strong><a href=""http://www.google.com?q=a"" rel=""nofollow noreferrer"">http://www.google.com?q=a</a> b</strong> gives <strong>http%3A%2F%2www.google.com...</strong> whereas I want the output to be <strong><a href=""http://www.google.com?q=a%20b"" rel=""nofollow noreferrer"">http://www.google.com?q=a%20b</a></strong></p>&#xA;&#xA;<p>Can someone please tell me how to achieve this.</p>&#xA;&#xA;<p>I am trying to do this in an Android app. So I have access to a limited number of libraries.</p>&#xA;"
574195;"Android YouTube app Play Video Intent";"<p>I have created a app where you can download YouTube videos for android. Now, I want it so that if you play a video in the YouTube native app you can download it too. To do this, I need to know the Intent that the YouTube native app puts out in order to play the YouTube app.<br>&#xA;I could do this easially if I had the YouTube program on my emulator, so my 1st question is:<br>&#xA;1. Can I download the YouTube app for my emulator, or...<br>&#xA;2. What is the intent used when the user selects a video for playback.</p>&#xA;"
576513;"Android download binary file problems";"<p>I am having problems downloading a binary file (video) in my app from the internet. In Quicktime, If I download it directly it works fine but through my app somehow it get's messed up (even though they look exactly the same in a text editor). Here is a example:</p>&#xA;&#xA;<pre><code>    URL u = new URL(""http://www.path.to/a.mp4?video"");&#xA;    HttpURLConnection c = (HttpURLConnection) u.openConnection();&#xA;    c.setRequestMethod(""GET"");&#xA;    c.setDoOutput(true);&#xA;    c.connect();&#xA;    FileOutputStream f = new FileOutputStream(new File(root,""Video.mp4""));&#xA;&#xA;&#xA;    InputStream in = c.getInputStream();&#xA;&#xA;    byte[] buffer = new byte[1024];&#xA;    int len1 = 0;&#xA;    while ( (len1 = in.read(buffer)) &gt; 0 ) {&#xA;         f.write(buffer);&#xA;    }&#xA;    f.close();&#xA;</code></pre>&#xA;"
576600;"Lock android app after a certain amount of idle time";"<p>My android application requires a password to be entered in the first activity. I want to be able to automatically send the application back to the password entry screen after the application has been idle for a fixed amount of time.</p>&#xA;&#xA;<p>The application has multiple activities, but I would like the timeout to be global for all activities. So, it wouldn't be sufficient to create a timer thread in the <code>onPause()</code> method of an <code>Activity</code>.</p>&#xA;&#xA;<p>I'm not sure what the best definition for the application being idle is, but no activities being active would be sufficient.</p>&#xA;"
582185;"Android - disable landscape mode?";"<p>How can I disable landscape mode for some of the views in my Android app?</p>&#xA;"
584779;"Android - switching between landscape and portrait mode makes Intent lose values";"<p>I am using Intents to switch between activities in my Android app. I am putting data in the Intent for use in the next activity. When I switch the phone between landscape and portrait modes, the values passed from the intent are lost and I get a NullPointerException.</p>&#xA;&#xA;<p>Can someone please tell me what could be wrong.</p>&#xA;&#xA;<p>There's a lot of code to post it entirely. But if someone needs to look at specific parts of code, I can post it here.</p>&#xA;&#xA;<p><strong>Edit</strong><br/>&#xA;I solved the issue of state not being saved. But another problem I faced is that none of the buttons on the screen work after the orientation has been changed. On button press, I get this warning in LogCat</p>&#xA;&#xA;<pre><code>02-25 23:07:49.190: WARN/WindowManager(58): No window to dispatch pointer action 0&#xA;</code></pre>&#xA;&#xA;<p>Please help.</p>&#xA;"
587185;"zoom buttons in android's web browser";"<p>The web-site I'm working on is specially designed for Android. The user will not get benefit from Android build-in zoom buttons. On the contrary they make a mess.&#xA;How can I switch them off?</p>&#xA;"
587454;"Displaying Image by File Name";"<p>I need to display an image by specifying the file name instead of by using resource. E.g <code>showImage(""background.png"")</code> instead of <code>showImage(R.drawable.background)</code>.</p>&#xA;&#xA;<p>Any one knows how?</p>&#xA;&#xA;<p>Thanks a lot.</p>&#xA;"
587917;"Trying to attach a file from SD Card to email";"<p>I am trying to launch an Intent to send an email. All of that works, but when I try to actually send the email a couple 'weird' things happen.</p>&#xA;&#xA;<p>here is code </p>&#xA;&#xA;<pre><code>Intent sendIntent = new Intent(Intent.ACTION_SEND);&#xA;sendIntent.setType(""image/jpeg"");&#xA;sendIntent.putExtra(Intent.EXTRA_SUBJECT, ""Photo"");&#xA;sendIntent.putExtra(Intent.EXTRA_STREAM, Uri.parse(""file://sdcard/dcim/Camera/filename.jpg""));&#xA;sendIntent.putExtra(Intent.EXTRA_TEXT, ""Enjoy the photo"");&#xA;startActivity(Intent.createChooser(sendIntent, ""Email:""));&#xA;</code></pre>&#xA;&#xA;<p>So if I launch using the Gmail menu context It shows the attachment, lets me type who the email is to, and edit the body &amp; subject. No big deal. I hit send, and it sends. The only thing is the attachment does NOT get sent.</p>&#xA;&#xA;<p>So. I figured, why not try it w/ the Email menu context (for my backup email account on my phone). It shows the attachment, but no text at all in the body or subject. When I send it, the attachment sends correctly. That would lead me to believe something is quite wrong. Do I need a new permission in the Manifest launch an intent to send email w/ attachment? What am I doing wrong?</p>&#xA;"
